{"cameraMode":{"drawMode":0,"name":"Shaded","section":"Shading Mode"},"sceneLighting":true,"audioPlay":false,"sceneViewState":{"showFog":true,"showMaterialUpdate":true,"showSkybox":true,"showFlares":true,"showImageEffects":true,"showParticleSystems":true},"in2DMode":false,"pivot":{"x":0.7869815826416016,"y":-0.18951988220214845,"z":-2.2154130935668947},"rotation":{"x":0.10151796787977219,"y":0.8193515539169312,"z":-0.1531720757484436,"w":0.5430428981781006},"size":4.566174507141113,"orthographic":false}